DROP DATABASE IF EXISTS `HTOK`;

CREATE DATABASE `HTOK` /*!40100 DEFAULT CHARACTER SET UTF8MB4 */;

USE `HTOK`;

CREATE TABLE `HTOK`.`Events` (
  `id` int(11) NOT NULL AUTO_INCREMENT,
  `title` varchar(255) NOT NULL,
  `start_event` datetime NOT NULL,
  `end_event` datetime NOT NULL,
  `Createdon` datetime DEFAULT NULL,
  `Createdby` varchar(45) DEFAULT NULL,
  `Updatedon` datetime DEFAULT NULL,
  `Updatedby` varchar(45) DEFAULT NULL,
  PRIMARY KEY (`id`)
) ENGINE=InnoDB AUTO_INCREMENT=1 DEFAULT CHARSET=latin1;

CREATE TABLE `HTOK`.`Facility` (
  `Id` int(11) NOT NULL AUTO_INCREMENT,
  `Facilityname` varchar(250) DEFAULT NULL,
  `Createdon` datetime DEFAULT NULL,
  `Createdby` varchar(50) DEFAULT NULL,
  `Updatedon` datetime DEFAULT NULL,
  `Updatedby` varchar(50) DEFAULT NULL,
  PRIMARY KEY (`Id`)
) ENGINE=InnoDB AUTO_INCREMENT=1 DEFAULT CHARSET=utf8;

CREATE TABLE `HTOK`.`FacilityCalendar` (
  `id` int(11) NOT NULL AUTO_INCREMENT,
  `title` varchar(255) NOT NULL,
  `facilityname` varchar(255) NOT NULL,
  `start_event` datetime NOT NULL,
  `end_event` datetime NOT NULL,
  `Createdon` datetime DEFAULT NULL,
  `Createdby` varchar(45) DEFAULT NULL,
  `Updatedon` datetime DEFAULT NULL,
  `Updatedby` varchar(45) DEFAULT NULL,
  PRIMARY KEY (`id`)
) ENGINE=InnoDB AUTO_INCREMENT=1 DEFAULT CHARSET=utf8;

CREATE TABLE `HTOK`.`FacilityReservation` (
  `Id` int(11) NOT NULL AUTO_INCREMENT,
  `UserId` int(11) DEFAULT NULL,
  `FacilityId` int(11) DEFAULT NULL,
  `Eventdate` datetime DEFAULT NULL,
  `Hours` varchar(100) DEFAULT NULL,
  `Comments` varchar(250) DEFAULT NULL,
  `StatusId` int(11) DEFAULT NULL,
  `CompletedIndicator` varchar(100) DEFAULT NULL,
  `CompletedOn` datetime DEFAULT NULL,
  `Completedby` varchar(100) DEFAULT NULL,
  `Createdon` datetime DEFAULT NULL,
  `Createdby` varchar(50) DEFAULT NULL,
  `Updatedon` datetime DEFAULT NULL,
  `Updatedby` varchar(50) DEFAULT NULL,
  PRIMARY KEY (`Id`)
) ENGINE=InnoDB AUTO_INCREMENT=1 DEFAULT CHARSET=utf8;

CREATE TABLE `HTOK`.`ImageLibrary` (
  `Id` int(11) NOT NULL AUTO_INCREMENT,
  `ImageName` varchar(200) NOT NULL,
  `ImageTitle` varchar(200) NOT NULL,
  `ImageType` varchar(45) NOT NULL,
  `IsActive` int(11) DEFAULT '1',
  PRIMARY KEY (`Id`)
) ENGINE=InnoDB AUTO_INCREMENT=1 DEFAULT CHARSET=utf8;

CREATE TABLE `HTOK`.`Messages` (
  `Id` int(11) NOT NULL AUTO_INCREMENT,
  `Comments` varchar(250) NOT NULL,
  `Name` varchar(100) DEFAULT NULL,
  `Email` varchar(100) DEFAULT NULL,
  `StatusId` int(11) NOT NULL,
  `Createdon` datetime DEFAULT NULL,
  `Createdby` varchar(50) DEFAULT NULL,
  `Updatedon` datetime DEFAULT NULL,
  `Updatedby` varchar(50) DEFAULT NULL,
  PRIMARY KEY (`Id`)
) ENGINE=InnoDB AUTO_INCREMENT=1 DEFAULT CHARSET=utf8;

CREATE TABLE `HTOK`.`Newsletter` (
  `Id` int(11) NOT NULL AUTO_INCREMENT,
  `Username` varchar(100) DEFAULT NULL,
  `Email` varchar(100) DEFAULT NULL,
  `Createdon` datetime DEFAULT NULL,
  `Createdby` varchar(50) DEFAULT NULL,
  `Updatedon` datetime DEFAULT NULL,
  `Updatedby` varchar(50) DEFAULT NULL,
  PRIMARY KEY (`Id`),
  UNIQUE KEY `Email_UNIQUE` (`Email`)
) ENGINE=InnoDB AUTO_INCREMENT=1 DEFAULT CHARSET=utf8;

CREATE TABLE `HTOK`.`Priest` (
  `Id` int(11) NOT NULL AUTO_INCREMENT,
  `Priestname` varchar(250) DEFAULT NULL,
  `Phone` varchar(100) DEFAULT NULL,
  `Createdon` datetime DEFAULT NULL,
  `Createdby` varchar(50) DEFAULT NULL,
  `Updatedon` datetime DEFAULT NULL,
  `Updatedby` varchar(50) DEFAULT NULL,
  PRIMARY KEY (`Id`)
) ENGINE=InnoDB AUTO_INCREMENT=1 DEFAULT CHARSET=utf8;

CREATE TABLE `HTOK`.`PriestCalendar` (
  `id` int(11) NOT NULL AUTO_INCREMENT,
  `title` varchar(255) NOT NULL,
  `priestname` varchar(255) NOT NULL,
  `start_event` datetime NOT NULL,
  `end_event` datetime NOT NULL,
  `Createdon` datetime DEFAULT NULL,
  `Createdby` varchar(45) DEFAULT NULL,
  `Updatedon` datetime DEFAULT NULL,
  `Updatedby` varchar(45) DEFAULT NULL,
  PRIMARY KEY (`id`)
) ENGINE=InnoDB AUTO_INCREMENT=1 DEFAULT CHARSET=utf8;

CREATE TABLE `HTOK`.`PriestServices` (
  `Id` int(11) NOT NULL AUTO_INCREMENT,
  `UserId` int(11) DEFAULT NULL,
  `PriestId` int(11) DEFAULT NULL,
  `ServiceDescription` varchar(100) DEFAULT NULL,
  `Eventdate` datetime DEFAULT NULL,
  `Hours` varchar(100) DEFAULT NULL,
  `Comments` varchar(250) DEFAULT NULL,
  `StatusId` int(11) DEFAULT NULL,
  `CompletedIndicator` varchar(100) DEFAULT NULL,
  `CompletedOn` datetime DEFAULT NULL,
  `Completedby` varchar(100) DEFAULT NULL,
  `Createdon` datetime DEFAULT NULL,
  `Createdby` varchar(50) DEFAULT NULL,
  `Updatedon` datetime DEFAULT NULL,
  `Updatedby` varchar(50) DEFAULT NULL,
  PRIMARY KEY (`Id`)
) ENGINE=InnoDB AUTO_INCREMENT=1 DEFAULT CHARSET=utf8;

CREATE TABLE `HTOK`.`PujaRequest` (
  `Id` int(11) NOT NULL AUTO_INCREMENT,
  `UserId` int(11) DEFAULT NULL,
  `PujaTypeId` int(11) DEFAULT NULL,
  `Gotra` varchar(100) DEFAULT NULL,
  `Nakshatra` varchar(100) DEFAULT NULL,
  `Specificdate` datetime DEFAULT NULL,
  `Names` varchar(250) DEFAULT NULL,
  `Comments` varchar(250) DEFAULT NULL,
  `StatusId` int(11) DEFAULT NULL,
  `Completedon` datetime DEFAULT NULL,
  `Completedby` varchar(100) DEFAULT NULL,
  `Createdon` datetime DEFAULT NULL,
  `Createdby` varchar(50) DEFAULT NULL,
  `Updatedon` datetime DEFAULT NULL,
  `Updatedby` varchar(50) DEFAULT NULL,
  PRIMARY KEY (`Id`)
) ENGINE=InnoDB AUTO_INCREMENT=1 DEFAULT CHARSET=utf8;

CREATE TABLE `HTOK`.`PujaType` (
  `Id` int(11) NOT NULL AUTO_INCREMENT,
  `PujaDescription` varchar(100) DEFAULT NULL,
  `Createdon` datetime DEFAULT NULL,
  `Createdby` varchar(50) DEFAULT NULL,
  `Updatedon` datetime DEFAULT NULL,
  `Updatedby` varchar(50) DEFAULT NULL,
  PRIMARY KEY (`Id`)
) ENGINE=InnoDB AUTO_INCREMENT=1 DEFAULT CHARSET=utf8;

CREATE TABLE `HTOK`.`Status` (
  `Id` int(11) NOT NULL AUTO_INCREMENT,
  `StatusDescription` varchar(100) DEFAULT NULL,
  `Createdon` datetime DEFAULT NULL,
  `Createdby` varchar(50) DEFAULT NULL,
  `Updatedon` datetime DEFAULT NULL,
  `Updatedby` varchar(50) DEFAULT NULL,
  PRIMARY KEY (`Id`)
) ENGINE=InnoDB AUTO_INCREMENT=1 DEFAULT CHARSET=utf8;

CREATE TABLE `HTOK`.`STG_DailyReciteData` (
  `recite` text,
  `start_time` text,
  `end_time` text,
  `weekday` text
) ENGINE=InnoDB DEFAULT CHARSET=utf8;

CREATE TABLE `HTOK`.`STG_DayData` (
  `date` text,
  `weekday` text,
  `dayofmonth` text,
  `num_weekdayofmonth` text,
  `week_num` text,
  `datestring` text
) ENGINE=InnoDB DEFAULT CHARSET=utf8;

CREATE TABLE `HTOK`.`STG_WeeklyAbhishekamData` (
  `Abhishekam` text,
  `start_time` text,
  `end_time` text,
  `week_num` text
) ENGINE=InnoDB DEFAULT CHARSET=utf8;

CREATE TABLE `HTOK`.`UserProfile` (
  `Id` int(11) NOT NULL AUTO_INCREMENT,
  `UserProfileDescription` varchar(100) DEFAULT NULL,
  `Createdon` datetime DEFAULT NULL,
  `Createdby` varchar(50) DEFAULT NULL,
  `Updatedon` datetime DEFAULT NULL,
  `Updatedby` varchar(50) DEFAULT NULL,
  PRIMARY KEY (`Id`)
) ENGINE=InnoDB AUTO_INCREMENT=1 DEFAULT CHARSET=utf8;

CREATE TABLE `HTOK`.`Users` (
  `Id` int(11) NOT NULL AUTO_INCREMENT,
  `Username` varchar(50) DEFAULT NULL,
  `Password` varchar(100) DEFAULT NULL,
  `UserProfileId` int(11) DEFAULT NULL,
  `Firstname` varchar(100) DEFAULT NULL,
  `Lastname` varchar(100) DEFAULT NULL,
  `Email` varchar(100) DEFAULT NULL,
  `Phone` varchar(20) DEFAULT NULL,
  `Createdon` datetime DEFAULT NULL,
  `Createdby` varchar(50) DEFAULT NULL,
  `Updatedon` datetime DEFAULT NULL,
  `Updatedby` varchar(50) DEFAULT NULL,
  PRIMARY KEY (`Id`),
  UNIQUE KEY `Username_UNIQUE` (`Username`),
  UNIQUE KEY `Email_UNIQUE` (`Email`)
) ENGINE=InnoDB AUTO_INCREMENT=1 DEFAULT CHARSET=utf8;

INSERT INTO `HTOK`.`Users`
(`Username`,`Password`,`UserProfileId`,`Firstname`,`Lastname`,`Email`,`Phone`,`Createdon`,`Createdby`,`Updatedon`,`Updatedby`)
VALUES
('nitin','9003d1df22eb4d3820015070385194c8','1','nitin','more','nitinmtesting@gmail.com','5027121284',NOW(),'INITIAL LOAD',NULL,NULL),
('Test123','cc03e747a6afbbcbf8be7668acfebee5','1','Test','123','Test@test.com','',NOW(),'INITIAL LOAD',NULL,NULL),
('Nidhi','9003d1df22eb4d3820015070385194c8','3','Nidhi','More','Test@yahoo.com','',NOW(),'INITIAL LOAD',NULL,NULL),
('priest1','9003d1df22eb4d3820015070385194c8','2','priest','','priest@gmail.com','',NOW(),'INITIAL LOAD',NULL,NULL),
('factman','9003d1df22eb4d3820015070385194c8','3','facility manager','','fman@gmail.com','',NOW(),'INITIAL LOAD',NULL,NULL),
('admin','9003d1df22eb4d3820015070385194c8','4','admin','','admin@gmail.com','',NOW(),'INITIAL LOAD',NULL,NULL),
('subkir','972ae52621668f045e61bd75160131e8','4','Kirthi','Vasan','subkir70@gmail.com','5027274825',NOW(),'INITIAL LOAD',NULL,NULL);


INSERT INTO `HTOK`.`Facility`
(`Facilityname`,`Createdon`,`Createdby`,`Updatedon`,`Updatedby`)
VALUES
( 'Big Hall', NOW(), 'INITIAL LOAD', NULL, NULL),
('Small Hall 1', NOW(), 'INITIAL LOAD', NULL, NULL),
('Small Hall 2', NOW(), 'INITIAL LOAD', NULL, NULL);


INSERT INTO `HTOK`.`ImageLibrary`
(`ImageName`,`ImageTitle`,`ImageType`,`IsActive`)
VALUES
('Annual2019.jpg', 'Annual2019', 'Banner', '1'),
('Priests.jpg', 'Priests', 'Banner', '1'),
('Temple.jpg', 'Temple', 'Banner', '1'),
('Tirupati.jpg', 'Tirupati', 'deities', '1'),
('Garuda.jpg', 'Garuda', 'deities', '1'),
('Ganesh.jpg', 'Ganesh', 'deities', '1'),
('Murshaka.jpg', 'Murshaka', 'deities', '1'),
('Shiva.jpg', 'Shiva', 'deities', '1'),
('Nandi.jpg', 'Nandi', 'deities', '1'),
('Durga.jpg', 'Durga', 'deities', '1'),
('Parvati.jpg', 'Parvati', 'deities', '1'),
('(Murugan.jpg', 'Murugan', 'deities', '1'),
('Laxmi.jpg', 'Laxmi', 'deities', '1'),
('Bhudevi.jpg', 'Bhudevi', 'deities', '1'),
('RadhaKrishna.jpg', 'RadhaKrishna', 'deities', '1'),
('SiyaRam.jpg', 'SiyaRam', 'deities', '1'),
('Hanuman.jpg', 'Hanuman', 'deities', '1'),
('Saraswati.jpg', 'Saraswati', 'deities', '1'),
('Ambaji.jpg', 'Ambaji', 'deities', '1'),
('Mahavir.jpg', 'Mahavir', 'deities', '1'),
('Navgrah1.jpg', 'Navgrah', 'deities', '1'),
('Navgrah2.jpg', 'Navgrah', 'deities', '1'),
('myom.png', 'OM', 'uploads', '0'),
('om-black.png', 'OM', 'uploads', '0');

INSERT INTO `HTOK`.`Priest`
(`Priestname`,`Phone`,`Createdon`,`Createdby`,`Updatedon`,`Updatedby`)
VALUES
('Shri Rajendra Kumar Joshi', '502-420-9977', NOW(), 'INITIAL LOAD', NULL, NULL),
('Shri Srinivasan Kannan', '502-424-5158', NOW(), 'INITIAL LOAD', NULL, NULL);

INSERT INTO `HTOK`.`PujaType`
(`PujaDescription`,`Createdon`,`Createdby`,`Updatedon`,`Updatedby`)
VALUES
('Archana', NOW(), 'INITIAL LOAD', NULL, NULL),
('Ganesh Abhishekam', NOW(), 'INITIAL LOAD', NULL, NULL),
('Rama Abhishekam', NOW(), 'INITIAL LOAD', NULL, NULL),
('Ambaji Abhishekam', NOW(), 'INITIAL LOAD', NULL, NULL),
('Krishna Abhishekam', NOW(), 'INITIAL LOAD', NULL, NULL),
('Shiva Abhishekam', NOW(), 'INITIAL LOAD', NULL, NULL),
('Durga Abhishekam', NOW(), 'INITIAL LOAD', NULL, NULL),
('Navagraha Abhishekam', NOW(), 'INITIAL LOAD', NULL, NULL),
('Visalakshi Abhishekam', NOW(), 'INITIAL LOAD', NULL, NULL),
('Saraswathi Abhishekam', NOW(), 'INITIAL LOAD', NULL, NULL),
('Lakshmi Abhishekam', NOW(), 'INITIAL LOAD', NULL, NULL),
('Bhudevi Abhishekam', NOW(), 'INITIAL LOAD', NULL, NULL),
('Balaji Abhishekam', NOW(), 'INITIAL LOAD', NULL, NULL),
('Subramanya Abhishekam', NOW(), 'INITIAL LOAD', NULL, NULL),
('Ganesh Archana', NOW(), 'INITIAL LOAD', NULL, NULL),
('Rama Archana', NOW(), 'INITIAL LOAD', NULL, NULL),
('Ambaji Archana', NOW(), 'INITIAL LOAD', NULL, NULL),
('Krishna Archana', NOW(), 'INITIAL LOAD', NULL, NULL),
('Shiva Archana', NOW(), 'INITIAL LOAD', NULL, NULL),
('Durga Archana', NOW(), 'INITIAL LOAD', NULL, NULL),
('Navagraha Archana', NOW(), 'INITIAL LOAD', NULL, NULL),
('Visalakshi Archana', NOW(), 'INITIAL LOAD', NULL, NULL),
('Saraswathi Archana', NOW(), 'INITIAL LOAD', NULL, NULL),
('Lakshmi Archana', NOW(), 'INITIAL LOAD', NULL, NULL),
('Bhudevi Archana', NOW(), 'INITIAL LOAD', NULL, NULL),
('Balaji Archana', NOW(), 'INITIAL LOAD', NULL, NULL),
('Subramanya Archana', NOW(), 'INITIAL LOAD', NULL, NULL),
('Anjaneya Archana', NOW(), 'INITIAL LOAD', NULL, NULL);

INSERT INTO `HTOK`.`Status`
(`StatusDescription`,`Createdon`,`Createdby`,`Updatedon`,`Updatedby`)
VALUES
('Pending', NOW(), 'INITIAL LOAD', NULL, NULL),
('Reserved', NOW(), 'INITIAL LOAD', NULL, NULL),
('Completed', NOW(), 'INITIAL LOAD', NULL, NULL),
('Cancelled', NOW(), 'INITIAL LOAD', NULL, NULL),
('Resubmit', NOW(), 'INITIAL LOAD', NULL, NULL),
('Confirmed', NOW(), 'INITIAL LOAD', NULL, NULL),
('Returned', NOW(), 'INITIAL LOAD', NULL, NULL),
('Read', NOW(), 'INITIAL LOAD', NULL, NULL),
('Active', NOW(), 'INITIAL LOAD', NULL, NULL);

INSERT INTO `HTOK`.`UserProfile`
(`UserProfileDescription`,`Createdon`,`Createdby`,`Updatedon`,`Updatedby`)
VALUES
('Devotee', NOW(), 'INITIAL LOAD', NULL, NULL),
('Priest', NOW(), 'INITIAL LOAD', NULL, NULL),
('FacilityManager', NOW(), 'INITIAL LOAD', NULL, NULL),
('Admin', NOW(), 'INITIAL LOAD', NULL, NULL);

INSERT INTO `HTOK`.`STG_DailyReciteData`
(`recite`,`start_time`,`end_time`,`weekday`)
VALUES
('Rudra Parayanam',' 10:00:00',' 10:30:00','Sun'),
('Sadhana Bhajans',' 10:30:00',' 11:30:00','Sun'),
('Rudra Chamakam Parayanam',' 18:30:00',' 19:00:00','Mon'),
('Lalitha Sahasranamam Parayanam',' 18:30:00',' 19:00:00','Tue'),
('Skanda Sashti Kavacham Parayanam',' 19:00:00',' 20:00:00','Tue'),
('Achyutashtakam Parayanam',' 18:30:00',' 19:00:00','Wed'),
('Ganesha Atharvaseersham',' 18:30:00',' 19:00:00','Thu'),
('Sri Ashtalakshmi Sthotram Parayanam',' 18:30:00',' 19:00:00','Fri'),
('Suprabatham  Vishnu Sahasranamam',' 09:00:00',' 10:00:00','Sat');

INSERT INTO `HTOK`.`STG_WeeklyAbhishekamData`
(`Abhishekam`,`start_time`,`end_time`,`week_num`)
VALUES
('Ganesh Abhishekam','10:00:00','12:00:00','Sun-1'),
('Rama Abhishekam','10:00:00','12:00:00','Sun-2'),
('Ambaji Abhishekam','17:30:00','19:00:00','Sun-3'),
('Krishna Abhishekam','10:00:00','12:00:00','Sun-4'),
('Shiva Abhishekam','18:00:00','20:00:00','Mon-1'),
('Durga Abhishekam','09:30:00','11:00:00','Tue-1'),
('Navagraha Abhishekam','09:30:00','11:30:00','Tue-2'),
('Visalakshi Abhishekam','09:30:00','11:30:00','Tue-4'),
('Saraswathi Abhishekam','09:00:00','11:00:00','Fri-1'),
('Lakshmi Abhishekam','09:30:00','11:00:00','Fri-2'),
('Bhudevi Abhishekam','09:30:00','11:30:00','Fri-3'),
('Balaji Abhishekam','10:00:00','12:30:00','Sat-1'),
('Subramanya Abhishekam','09:30:00','11:30:00','Sat-2'),
('Anjaneya Abhishekam','11:00:00','12:30:00','Sat-3');



INSERT INTO `HTOK`.`STG_DayData`
(`date`,`weekday`,`dayofmonth`,`num_weekdayofmonth`,`week_num`,`datestring`)
VALUES
('2019-06-01','Sat','1','1','Sat-1','2019-06-01'),
('2019-06-02','Sun','2','2','Sun-1','2019-06-02'),
('2019-06-03','Mon','3','3','Mon-1','2019-06-03'),
('2019-06-04','Tue','4','4','Tue-1','2019-06-04'),
('2019-06-05','Wed','5','5','Wed-1','2019-06-05'),
('2019-06-06','Thu','6','6','Thu-1','2019-06-06'),
('2019-06-07','Fri','7','7','Fri-1','2019-06-07'),
('2019-06-08','Sat','8','1','Sat-2','2019-06-08'),
('2019-06-09','Sun','9','2','Sun-2','2019-06-09'),
('2019-06-10','Mon','10','3','Mon-2','2019-06-10'),
('2019-06-11','Tue','11','4','Tue-2','2019-06-11'),
('2019-06-12','Wed','12','5','Wed-2','2019-06-12'),
('2019-06-13','Thu','13','6','Thu-2','2019-06-13'),
('2019-06-14','Fri','14','7','Fri-2','2019-06-14'),
('2019-06-15','Sat','15','1','Sat-3','2019-06-15'),
('2019-06-16','Sun','16','2','Sun-3','2019-06-16'),
('2019-06-17','Mon','17','3','Mon-3','2019-06-17'),
('2019-06-18','Tue','18','4','Tue-3','2019-06-18'),
('2019-06-19','Wed','19','5','Wed-3','2019-06-19'),
('2019-06-20','Thu','20','6','Thu-3','2019-06-20'),
('2019-06-21','Fri','21','7','Fri-3','2019-06-21'),
('2019-06-22','Sat','22','1','Sat-4','2019-06-22'),
('2019-06-23','Sun','23','2','Sun-4','2019-06-23'),
('2019-06-24','Mon','24','3','Mon-4','2019-06-24'),
('2019-06-25','Tue','25','4','Tue-4','2019-06-25'),
('2019-06-26','Wed','26','5','Wed-4','2019-06-26'),
('2019-06-27','Thu','27','6','Thu-4','2019-06-27'),
('2019-06-28','Fri','28','7','Fri-4','2019-06-28'),
('2019-06-29','Sat','29','1','Sat-5','2019-06-29'),
('2019-06-30','Sun','30','2','Sun-5','2019-06-30'),
('2019-07-01','Mon','1','1','Mon-1','2019-07-01'),
('2019-07-02','Tue','2','2','Tue-1','2019-07-02'),
('2019-07-03','Wed','3','3','Wed-1','2019-07-03'),
('2019-07-04','Thu','4','4','Thu-1','2019-07-04'),
('2019-07-05','Fri','5','5','Fri-1','2019-07-05'),
('2019-07-06','Sat','6','6','Sat-1','2019-07-06'),
('2019-07-07','Sun','7','7','Sun-1','2019-07-07'),
('2019-07-08','Mon','8','1','Mon-2','2019-07-08'),
('2019-07-09','Tue','9','2','Tue-2','2019-07-09'),
('2019-07-10','Wed','10','3','Wed-2','2019-07-10'),
('2019-07-11','Thu','11','4','Thu-2','2019-07-11'),
('2019-07-12','Fri','12','5','Fri-2','2019-07-12'),
('2019-07-13','Sat','13','6','Sat-2','2019-07-13'),
('2019-07-14','Sun','14','7','Sun-2','2019-07-14'),
('2019-07-15','Mon','15','1','Mon-3','2019-07-15'),
('2019-07-16','Tue','16','2','Tue-3','2019-07-16'),
('2019-07-17','Wed','17','3','Wed-3','2019-07-17'),
('2019-07-18','Thu','18','4','Thu-3','2019-07-18'),
('2019-07-19','Fri','19','5','Fri-3','2019-07-19'),
('2019-07-20','Sat','20','6','Sat-3','2019-07-20'),
('2019-07-21','Sun','21','7','Sun-3','2019-07-21'),
('2019-07-22','Mon','22','1','Mon-4','2019-07-22'),
('2019-07-23','Tue','23','2','Tue-4','2019-07-23'),
('2019-07-24','Wed','24','3','Wed-4','2019-07-24'),
('2019-07-25','Thu','25','4','Thu-4','2019-07-25'),
('2019-07-26','Fri','26','5','Fri-4','2019-07-26'),
('2019-07-27','Sat','27','6','Sat-4','2019-07-27'),
('2019-07-28','Sun','28','7','Sun-4','2019-07-28'),
('2019-07-29','Mon','29','1','Mon-5','2019-07-29'),
('2019-07-30','Tue','30','2','Tue-5','2019-07-30'),
('2019-07-31','Wed','31','3','Wed-5','2019-07-31'),
('2019-08-01','Thu','1','1','Thu-1','2019-08-01'),
('2019-08-02','Fri','2','2','Fri-1','2019-08-02'),
('2019-08-03','Sat','3','3','Sat-1','2019-08-03'),
('2019-08-04','Sun','4','4','Sun-1','2019-08-04'),
('2019-08-05','Mon','5','5','Mon-1','2019-08-05'),
('2019-08-06','Tue','6','6','Tue-1','2019-08-06'),
('2019-08-07','Wed','7','7','Wed-1','2019-08-07'),
('2019-08-08','Thu','8','1','Thu-2','2019-08-08'),
('2019-08-09','Fri','9','2','Fri-2','2019-08-09'),
('2019-08-10','Sat','10','3','Sat-2','2019-08-10'),
('2019-08-11','Sun','11','4','Sun-2','2019-08-11'),
('2019-08-12','Mon','12','5','Mon-2','2019-08-12'),
('2019-08-13','Tue','13','6','Tue-2','2019-08-13'),
('2019-08-14','Wed','14','7','Wed-2','2019-08-14'),
('2019-08-15','Thu','15','1','Thu-3','2019-08-15'),
('2019-08-16','Fri','16','2','Fri-3','2019-08-16'),
('2019-08-17','Sat','17','3','Sat-3','2019-08-17'),
('2019-08-18','Sun','18','4','Sun-3','2019-08-18'),
('2019-08-19','Mon','19','5','Mon-3','2019-08-19'),
('2019-08-20','Tue','20','6','Tue-3','2019-08-20'),
('2019-08-21','Wed','21','7','Wed-3','2019-08-21'),
('2019-08-22','Thu','22','1','Thu-4','2019-08-22'),
('2019-08-23','Fri','23','2','Fri-4','2019-08-23'),
('2019-08-24','Sat','24','3','Sat-4','2019-08-24'),
('2019-08-25','Sun','25','4','Sun-4','2019-08-25'),
('2019-08-26','Mon','26','5','Mon-4','2019-08-26'),
('2019-08-27','Tue','27','6','Tue-4','2019-08-27'),
('2019-08-28','Wed','28','7','Wed-4','2019-08-28'),
('2019-08-29','Thu','29','1','Thu-5','2019-08-29'),
('2019-08-30','Fri','30','2','Fri-5','2019-08-30'),
('2019-08-31','Sat','31','3','Sat-5','2019-08-31'),
('2019-09-01','Sun','1','1','Sun-1','2019-09-01'),
('2019-09-02','Mon','2','2','Mon-1','2019-09-02'),
('2019-09-03','Tue','3','3','Tue-1','2019-09-03'),
('2019-09-04','Wed','4','4','Wed-1','2019-09-04'),
('2019-09-05','Thu','5','5','Thu-1','2019-09-05'),
('2019-09-06','Fri','6','6','Fri-1','2019-09-06'),
('2019-09-07','Sat','7','7','Sat-1','2019-09-07'),
('2019-09-08','Sun','8','1','Sun-2','2019-09-08'),
('2019-09-09','Mon','9','2','Mon-2','2019-09-09'),
('2019-09-10','Tue','10','3','Tue-2','2019-09-10'),
('2019-09-11','Wed','11','4','Wed-2','2019-09-11'),
('2019-09-12','Thu','12','5','Thu-2','2019-09-12'),
('2019-09-13','Fri','13','6','Fri-2','2019-09-13'),
('2019-09-14','Sat','14','7','Sat-2','2019-09-14'),
('2019-09-15','Sun','15','1','Sun-3','2019-09-15'),
('2019-09-16','Mon','16','2','Mon-3','2019-09-16'),
('2019-09-17','Tue','17','3','Tue-3','2019-09-17'),
('2019-09-18','Wed','18','4','Wed-3','2019-09-18'),
('2019-09-19','Thu','19','5','Thu-3','2019-09-19'),
('2019-09-20','Fri','20','6','Fri-3','2019-09-20'),
('2019-09-21','Sat','21','7','Sat-3','2019-09-21'),
('2019-09-22','Sun','22','1','Sun-4','2019-09-22'),
('2019-09-23','Mon','23','2','Mon-4','2019-09-23'),
('2019-09-24','Tue','24','3','Tue-4','2019-09-24'),
('2019-09-25','Wed','25','4','Wed-4','2019-09-25'),
('2019-09-26','Thu','26','5','Thu-4','2019-09-26'),
('2019-09-27','Fri','27','6','Fri-4','2019-09-27'),
('2019-09-28','Sat','28','7','Sat-4','2019-09-28'),
('2019-09-29','Sun','29','1','Sun-5','2019-09-29'),
('2019-09-30','Mon','30','2','Mon-5','2019-09-30'),
('2019-10-01','Tue','1','1','Tue-1','2019-10-01'),
('2019-10-02','Wed','2','2','Wed-1','2019-10-02'),
('2019-10-03','Thu','3','3','Thu-1','2019-10-03'),
('2019-10-04','Fri','4','4','Fri-1','2019-10-04'),
('2019-10-05','Sat','5','5','Sat-1','2019-10-05'),
('2019-10-06','Sun','6','6','Sun-1','2019-10-06'),
('2019-10-07','Mon','7','7','Mon-1','2019-10-07'),
('2019-10-08','Tue','8','1','Tue-2','2019-10-08'),
('2019-10-09','Wed','9','2','Wed-2','2019-10-09'),
('2019-10-10','Thu','10','3','Thu-2','2019-10-10'),
('2019-10-11','Fri','11','4','Fri-2','2019-10-11'),
('2019-10-12','Sat','12','5','Sat-2','2019-10-12'),
('2019-10-13','Sun','13','6','Sun-2','2019-10-13'),
('2019-10-14','Mon','14','7','Mon-2','2019-10-14'),
('2019-10-15','Tue','15','1','Tue-3','2019-10-15'),
('2019-10-16','Wed','16','2','Wed-3','2019-10-16'),
('2019-10-17','Thu','17','3','Thu-3','2019-10-17'),
('2019-10-18','Fri','18','4','Fri-3','2019-10-18'),
('2019-10-19','Sat','19','5','Sat-3','2019-10-19'),
('2019-10-20','Sun','20','6','Sun-3','2019-10-20'),
('2019-10-21','Mon','21','7','Mon-3','2019-10-21'),
('2019-10-22','Tue','22','1','Tue-4','2019-10-22'),
('2019-10-23','Wed','23','2','Wed-4','2019-10-23'),
('2019-10-24','Thu','24','3','Thu-4','2019-10-24'),
('2019-10-25','Fri','25','4','Fri-4','2019-10-25'),
('2019-10-26','Sat','26','5','Sat-4','2019-10-26'),
('2019-10-27','Sun','27','6','Sun-4','2019-10-27'),
('2019-10-28','Mon','28','7','Mon-4','2019-10-28'),
('2019-10-29','Tue','29','1','Tue-5','2019-10-29'),
('2019-10-30','Wed','30','2','Wed-5','2019-10-30'),
('2019-10-31','Thu','31','3','Thu-5','2019-10-31'),
('2019-11-01','Fri','1','1','Fri-1','2019-11-01'),
('2019-11-02','Sat','2','2','Sat-1','2019-11-02'),
('2019-11-03','Sun','3','3','Sun-1','2019-11-03'),
('2019-11-04','Mon','4','4','Mon-1','2019-11-04'),
('2019-11-05','Tue','5','5','Tue-1','2019-11-05'),
('2019-11-06','Wed','6','6','Wed-1','2019-11-06'),
('2019-11-07','Thu','7','7','Thu-1','2019-11-07'),
('2019-11-08','Fri','8','1','Fri-2','2019-11-08'),
('2019-11-09','Sat','9','2','Sat-2','2019-11-09'),
('2019-11-10','Sun','10','3','Sun-2','2019-11-10'),
('2019-11-11','Mon','11','4','Mon-2','2019-11-11'),
('2019-11-12','Tue','12','5','Tue-2','2019-11-12'),
('2019-11-13','Wed','13','6','Wed-2','2019-11-13'),
('2019-11-14','Thu','14','7','Thu-2','2019-11-14'),
('2019-11-15','Fri','15','1','Fri-3','2019-11-15'),
('2019-11-16','Sat','16','2','Sat-3','2019-11-16'),
('2019-11-17','Sun','17','3','Sun-3','2019-11-17'),
('2019-11-18','Mon','18','4','Mon-3','2019-11-18'),
('2019-11-19','Tue','19','5','Tue-3','2019-11-19'),
('2019-11-20','Wed','20','6','Wed-3','2019-11-20'),
('2019-11-21','Thu','21','7','Thu-3','2019-11-21'),
('2019-11-22','Fri','22','1','Fri-4','2019-11-22'),
('2019-11-23','Sat','23','2','Sat-4','2019-11-23'),
('2019-11-24','Sun','24','3','Sun-4','2019-11-24'),
('2019-11-25','Mon','25','4','Mon-4','2019-11-25'),
('2019-11-26','Tue','26','5','Tue-4','2019-11-26'),
('2019-11-27','Wed','27','6','Wed-4','2019-11-27'),
('2019-11-28','Thu','28','7','Thu-4','2019-11-28'),
('2019-11-29','Fri','29','1','Fri-5','2019-11-29'),
('2019-11-30','Sat','30','2','Sat-5','2019-11-30'),
('2019-12-01','Sun','1','1','Sun-1','2019-12-01'),
('2019-12-02','Mon','2','2','Mon-1','2019-12-02'),
('2019-12-03','Tue','3','3','Tue-1','2019-12-03'),
('2019-12-04','Wed','4','4','Wed-1','2019-12-04'),
('2019-12-05','Thu','5','5','Thu-1','2019-12-05'),
('2019-12-06','Fri','6','6','Fri-1','2019-12-06'),
('2019-12-07','Sat','7','7','Sat-1','2019-12-07'),
('2019-12-08','Sun','8','1','Sun-2','2019-12-08'),
('2019-12-09','Mon','9','2','Mon-2','2019-12-09'),
('2019-12-10','Tue','10','3','Tue-2','2019-12-10'),
('2019-12-11','Wed','11','4','Wed-2','2019-12-11'),
('2019-12-12','Thu','12','5','Thu-2','2019-12-12'),
('2019-12-13','Fri','13','6','Fri-2','2019-12-13'),
('2019-12-14','Sat','14','7','Sat-2','2019-12-14'),
('2019-12-15','Sun','15','1','Sun-3','2019-12-15'),
('2019-12-16','Mon','16','2','Mon-3','2019-12-16'),
('2019-12-17','Tue','17','3','Tue-3','2019-12-17'),
('2019-12-18','Wed','18','4','Wed-3','2019-12-18'),
('2019-12-19','Thu','19','5','Thu-3','2019-12-19'),
('2019-12-20','Fri','20','6','Fri-3','2019-12-20'),
('2019-12-21','Sat','21','7','Sat-3','2019-12-21'),
('2019-12-22','Sun','22','1','Sun-4','2019-12-22'),
('2019-12-23','Mon','23','2','Mon-4','2019-12-23'),
('2019-12-24','Tue','24','3','Tue-4','2019-12-24'),
('2019-12-25','Wed','25','4','Wed-4','2019-12-25'),
('2019-12-26','Thu','26','5','Thu-4','2019-12-26'),
('2019-12-27','Fri','27','6','Fri-4','2019-12-27'),
('2019-12-28','Sat','28','7','Sat-4','2019-12-28'),
('2019-12-29','Sun','29','1','Sun-5','2019-12-29'),
('2019-12-30','Mon','30','2','Mon-5','2019-12-30'),
('2019-12-31','Tue','31','3','Tue-5','2019-12-31'),
('2020-01-01','Wed','1','1','Wed-1','2020-01-01'),
('2020-01-02','Thu','2','2','Thu-1','2020-01-02'),
('2020-01-03','Fri','3','3','Fri-1','2020-01-03'),
('2020-01-04','Sat','4','4','Sat-1','2020-01-04'),
('2020-01-05','Sun','5','5','Sun-1','2020-01-05'),
('2020-01-06','Mon','6','6','Mon-1','2020-01-06'),
('2020-01-07','Tue','7','7','Tue-1','2020-01-07'),
('2020-01-08','Wed','8','1','Wed-2','2020-01-08'),
('2020-01-09','Thu','9','2','Thu-2','2020-01-09'),
('2020-01-10','Fri','10','3','Fri-2','2020-01-10'),
('2020-01-11','Sat','11','4','Sat-2','2020-01-11'),
('2020-01-12','Sun','12','5','Sun-2','2020-01-12'),
('2020-01-13','Mon','13','6','Mon-2','2020-01-13'),
('2020-01-14','Tue','14','7','Tue-2','2020-01-14'),
('2020-01-15','Wed','15','1','Wed-3','2020-01-15'),
('2020-01-16','Thu','16','2','Thu-3','2020-01-16'),
('2020-01-17','Fri','17','3','Fri-3','2020-01-17'),
('2020-01-18','Sat','18','4','Sat-3','2020-01-18'),
('2020-01-19','Sun','19','5','Sun-3','2020-01-19'),
('2020-01-20','Mon','20','6','Mon-3','2020-01-20'),
('2020-01-21','Tue','21','7','Tue-3','2020-01-21'),
('2020-01-22','Wed','22','1','Wed-4','2020-01-22'),
('2020-01-23','Thu','23','2','Thu-4','2020-01-23'),
('2020-01-24','Fri','24','3','Fri-4','2020-01-24'),
('2020-01-25','Sat','25','4','Sat-4','2020-01-25'),
('2020-01-26','Sun','26','5','Sun-4','2020-01-26'),
('2020-01-27','Mon','27','6','Mon-4','2020-01-27'),
('2020-01-28','Tue','28','7','Tue-4','2020-01-28'),
('2020-01-29','Wed','29','1','Wed-5','2020-01-29'),
('2020-01-30','Thu','30','2','Thu-5','2020-01-30'),
('2020-01-31','Fri','31','3','Fri-5','2020-01-31'),
('2020-02-01','Sat','1','1','Sat-1','2020-02-01'),
('2020-02-02','Sun','2','2','Sun-1','2020-02-02'),
('2020-02-03','Mon','3','3','Mon-1','2020-02-03'),
('2020-02-04','Tue','4','4','Tue-1','2020-02-04'),
('2020-02-05','Wed','5','5','Wed-1','2020-02-05'),
('2020-02-06','Thu','6','6','Thu-1','2020-02-06'),
('2020-02-07','Fri','7','7','Fri-1','2020-02-07'),
('2020-02-08','Sat','8','1','Sat-2','2020-02-08'),
('2020-02-09','Sun','9','2','Sun-2','2020-02-09'),
('2020-02-10','Mon','10','3','Mon-2','2020-02-10'),
('2020-02-11','Tue','11','4','Tue-2','2020-02-11'),
('2020-02-12','Wed','12','5','Wed-2','2020-02-12'),
('2020-02-13','Thu','13','6','Thu-2','2020-02-13'),
('2020-02-14','Fri','14','7','Fri-2','2020-02-14'),
('2020-02-15','Sat','15','1','Sat-3','2020-02-15'),
('2020-02-16','Sun','16','2','Sun-3','2020-02-16'),
('2020-02-17','Mon','17','3','Mon-3','2020-02-17'),
('2020-02-18','Tue','18','4','Tue-3','2020-02-18'),
('2020-02-19','Wed','19','5','Wed-3','2020-02-19'),
('2020-02-20','Thu','20','6','Thu-3','2020-02-20'),
('2020-02-21','Fri','21','7','Fri-3','2020-02-21'),
('2020-02-22','Sat','22','1','Sat-4','2020-02-22'),
('2020-02-23','Sun','23','2','Sun-4','2020-02-23'),
('2020-02-24','Mon','24','3','Mon-4','2020-02-24'),
('2020-02-25','Tue','25','4','Tue-4','2020-02-25'),
('2020-02-26','Wed','26','5','Wed-4','2020-02-26'),
('2020-02-27','Thu','27','6','Thu-4','2020-02-27'),
('2020-02-28','Fri','28','7','Fri-4','2020-02-28'),
('2020-02-29','Sat','29','1','Sat-5','2020-02-29'),
('2020-03-01','Sun','1','1','Sun-1','2020-03-01'),
('2020-03-02','Mon','2','2','Mon-1','2020-03-02'),
('2020-03-03','Tue','3','3','Tue-1','2020-03-03'),
('2020-03-04','Wed','4','4','Wed-1','2020-03-04'),
('2020-03-05','Thu','5','5','Thu-1','2020-03-05'),
('2020-03-06','Fri','6','6','Fri-1','2020-03-06'),
('2020-03-07','Sat','7','7','Sat-1','2020-03-07'),
('2020-03-08','Sun','8','1','Sun-2','2020-03-08'),
('2020-03-09','Mon','9','2','Mon-2','2020-03-09'),
('2020-03-10','Tue','10','3','Tue-2','2020-03-10'),
('2020-03-11','Wed','11','4','Wed-2','2020-03-11'),
('2020-03-12','Thu','12','5','Thu-2','2020-03-12'),
('2020-03-13','Fri','13','6','Fri-2','2020-03-13'),
('2020-03-14','Sat','14','7','Sat-2','2020-03-14'),
('2020-03-15','Sun','15','1','Sun-3','2020-03-15'),
('2020-03-16','Mon','16','2','Mon-3','2020-03-16'),
('2020-03-17','Tue','17','3','Tue-3','2020-03-17'),
('2020-03-18','Wed','18','4','Wed-3','2020-03-18'),
('2020-03-19','Thu','19','5','Thu-3','2020-03-19'),
('2020-03-20','Fri','20','6','Fri-3','2020-03-20'),
('2020-03-21','Sat','21','7','Sat-3','2020-03-21'),
('2020-03-22','Sun','22','1','Sun-4','2020-03-22'),
('2020-03-23','Mon','23','2','Mon-4','2020-03-23'),
('2020-03-24','Tue','24','3','Tue-4','2020-03-24'),
('2020-03-25','Wed','25','4','Wed-4','2020-03-25'),
('2020-03-26','Thu','26','5','Thu-4','2020-03-26'),
('2020-03-27','Fri','27','6','Fri-4','2020-03-27'),
('2020-03-28','Sat','28','7','Sat-4','2020-03-28'),
('2020-03-29','Sun','29','1','Sun-5','2020-03-29'),
('2020-03-30','Mon','30','2','Mon-5','2020-03-30'),
('2020-03-31','Tue','31','3','Tue-5','2020-03-31'),
('2020-04-01','Wed','1','1','Wed-1','2020-04-01'),
('2020-04-02','Thu','2','2','Thu-1','2020-04-02'),
('2020-04-03','Fri','3','3','Fri-1','2020-04-03'),
('2020-04-04','Sat','4','4','Sat-1','2020-04-04'),
('2020-04-05','Sun','5','5','Sun-1','2020-04-05'),
('2020-04-06','Mon','6','6','Mon-1','2020-04-06'),
('2020-04-07','Tue','7','7','Tue-1','2020-04-07'),
('2020-04-08','Wed','8','1','Wed-2','2020-04-08'),
('2020-04-09','Thu','9','2','Thu-2','2020-04-09'),
('2020-04-10','Fri','10','3','Fri-2','2020-04-10'),
('2020-04-11','Sat','11','4','Sat-2','2020-04-11'),
('2020-04-12','Sun','12','5','Sun-2','2020-04-12'),
('2020-04-13','Mon','13','6','Mon-2','2020-04-13'),
('2020-04-14','Tue','14','7','Tue-2','2020-04-14'),
('2020-04-15','Wed','15','1','Wed-3','2020-04-15'),
('2020-04-16','Thu','16','2','Thu-3','2020-04-16'),
('2020-04-17','Fri','17','3','Fri-3','2020-04-17'),
('2020-04-18','Sat','18','4','Sat-3','2020-04-18'),
('2020-04-19','Sun','19','5','Sun-3','2020-04-19'),
('2020-04-20','Mon','20','6','Mon-3','2020-04-20'),
('2020-04-21','Tue','21','7','Tue-3','2020-04-21'),
('2020-04-22','Wed','22','1','Wed-4','2020-04-22'),
('2020-04-23','Thu','23','2','Thu-4','2020-04-23'),
('2020-04-24','Fri','24','3','Fri-4','2020-04-24'),
('2020-04-25','Sat','25','4','Sat-4','2020-04-25'),
('2020-04-26','Sun','26','5','Sun-4','2020-04-26'),
('2020-04-27','Mon','27','6','Mon-4','2020-04-27'),
('2020-04-28','Tue','28','7','Tue-4','2020-04-28'),
('2020-04-29','Wed','29','1','Wed-5','2020-04-29'),
('2020-04-30','Thu','30','2','Thu-5','2020-04-30'),
('2020-05-01','Fri','1','1','Fri-1','2020-05-01'),
('2020-05-02','Sat','2','2','Sat-1','2020-05-02'),
('2020-05-03','Sun','3','3','Sun-1','2020-05-03'),
('2020-05-04','Mon','4','4','Mon-1','2020-05-04'),
('2020-05-05','Tue','5','5','Tue-1','2020-05-05'),
('2020-05-06','Wed','6','6','Wed-1','2020-05-06'),
('2020-05-07','Thu','7','7','Thu-1','2020-05-07'),
('2020-05-08','Fri','8','1','Fri-2','2020-05-08'),
('2020-05-09','Sat','9','2','Sat-2','2020-05-09'),
('2020-05-10','Sun','10','3','Sun-2','2020-05-10'),
('2020-05-11','Mon','11','4','Mon-2','2020-05-11'),
('2020-05-12','Tue','12','5','Tue-2','2020-05-12'),
('2020-05-13','Wed','13','6','Wed-2','2020-05-13'),
('2020-05-14','Thu','14','7','Thu-2','2020-05-14'),
('2020-05-15','Fri','15','1','Fri-3','2020-05-15'),
('2020-05-16','Sat','16','2','Sat-3','2020-05-16'),
('2020-05-17','Sun','17','3','Sun-3','2020-05-17'),
('2020-05-18','Mon','18','4','Mon-3','2020-05-18'),
('2020-05-19','Tue','19','5','Tue-3','2020-05-19'),
('2020-05-20','Wed','20','6','Wed-3','2020-05-20'),
('2020-05-21','Thu','21','7','Thu-3','2020-05-21'),
('2020-05-22','Fri','22','1','Fri-4','2020-05-22'),
('2020-05-23','Sat','23','2','Sat-4','2020-05-23'),
('2020-05-24','Sun','24','3','Sun-4','2020-05-24'),
('2020-05-25','Mon','25','4','Mon-4','2020-05-25'),
('2020-05-26','Tue','26','5','Tue-4','2020-05-26'),
('2020-05-27','Wed','27','6','Wed-4','2020-05-27'),
('2020-05-28','Thu','28','7','Thu-4','2020-05-28'),
('2020-05-29','Fri','29','1','Fri-5','2020-05-29'),
('2020-05-30','Sat','30','2','Sat-5','2020-05-30'),
('2020-05-31','Sun','31','3','Sun-5','2020-05-31'),
('2020-06-01','Mon','1','1','Mon-1','2020-06-01'),
('2020-06-02','Tue','2','2','Tue-1','2020-06-02'),
('2020-06-03','Wed','3','3','Wed-1','2020-06-03'),
('2020-06-04','Thu','4','4','Thu-1','2020-06-04'),
('2020-06-05','Fri','5','5','Fri-1','2020-06-05'),
('2020-06-06','Sat','6','6','Sat-1','2020-06-06'),
('2020-06-07','Sun','7','7','Sun-1','2020-06-07'),
('2020-06-08','Mon','8','1','Mon-2','2020-06-08'),
('2020-06-09','Tue','9','2','Tue-2','2020-06-09'),
('2020-06-10','Wed','10','3','Wed-2','2020-06-10'),
('2020-06-11','Thu','11','4','Thu-2','2020-06-11'),
('2020-06-12','Fri','12','5','Fri-2','2020-06-12'),
('2020-06-13','Sat','13','6','Sat-2','2020-06-13'),
('2020-06-14','Sun','14','7','Sun-2','2020-06-14'),
('2020-06-15','Mon','15','1','Mon-3','2020-06-15'),
('2020-06-16','Tue','16','2','Tue-3','2020-06-16'),
('2020-06-17','Wed','17','3','Wed-3','2020-06-17'),
('2020-06-18','Thu','18','4','Thu-3','2020-06-18'),
('2020-06-19','Fri','19','5','Fri-3','2020-06-19'),
('2020-06-20','Sat','20','6','Sat-3','2020-06-20'),
('2020-06-21','Sun','21','7','Sun-3','2020-06-21'),
('2020-06-22','Mon','22','1','Mon-4','2020-06-22'),
('2020-06-23','Tue','23','2','Tue-4','2020-06-23'),
('2020-06-24','Wed','24','3','Wed-4','2020-06-24'),
('2020-06-25','Thu','25','4','Thu-4','2020-06-25'),
('2020-06-26','Fri','26','5','Fri-4','2020-06-26'),
('2020-06-27','Sat','27','6','Sat-4','2020-06-27'),
('2020-06-28','Sun','28','7','Sun-4','2020-06-28'),
('2020-06-29','Mon','29','1','Mon-5','2020-06-29'),
('2020-06-30','Tue','30','2','Tue-5','2020-06-30'),
('2020-07-01','Wed','1','1','Wed-1','2020-07-01'),
('2020-07-02','Thu','2','2','Thu-1','2020-07-02'),
('2020-07-03','Fri','3','3','Fri-1','2020-07-03'),
('2020-07-04','Sat','4','4','Sat-1','2020-07-04'),
('2020-07-05','Sun','5','5','Sun-1','2020-07-05'),
('2020-07-06','Mon','6','6','Mon-1','2020-07-06'),
('2020-07-07','Tue','7','7','Tue-1','2020-07-07'),
('2020-07-08','Wed','8','1','Wed-2','2020-07-08'),
('2020-07-09','Thu','9','2','Thu-2','2020-07-09'),
('2020-07-10','Fri','10','3','Fri-2','2020-07-10'),
('2020-07-11','Sat','11','4','Sat-2','2020-07-11'),
('2020-07-12','Sun','12','5','Sun-2','2020-07-12'),
('2020-07-13','Mon','13','6','Mon-2','2020-07-13'),
('2020-07-14','Tue','14','7','Tue-2','2020-07-14'),
('2020-07-15','Wed','15','1','Wed-3','2020-07-15'),
('2020-07-16','Thu','16','2','Thu-3','2020-07-16'),
('2020-07-17','Fri','17','3','Fri-3','2020-07-17'),
('2020-07-18','Sat','18','4','Sat-3','2020-07-18'),
('2020-07-19','Sun','19','5','Sun-3','2020-07-19'),
('2020-07-20','Mon','20','6','Mon-3','2020-07-20'),
('2020-07-21','Tue','21','7','Tue-3','2020-07-21'),
('2020-07-22','Wed','22','1','Wed-4','2020-07-22'),
('2020-07-23','Thu','23','2','Thu-4','2020-07-23'),
('2020-07-24','Fri','24','3','Fri-4','2020-07-24'),
('2020-07-25','Sat','25','4','Sat-4','2020-07-25'),
('2020-07-26','Sun','26','5','Sun-4','2020-07-26'),
('2020-07-27','Mon','27','6','Mon-4','2020-07-27'),
('2020-07-28','Tue','28','7','Tue-4','2020-07-28'),
('2020-07-29','Wed','29','1','Wed-5','2020-07-29'),
('2020-07-30','Thu','30','2','Thu-5','2020-07-30'),
('2020-07-31','Fri','31','3','Fri-5','2020-07-31'),
('2020-08-01','Sat','1','1','Sat-1','2020-08-01'),
('2020-08-02','Sun','2','2','Sun-1','2020-08-02'),
('2020-08-03','Mon','3','3','Mon-1','2020-08-03'),
('2020-08-04','Tue','4','4','Tue-1','2020-08-04'),
('2020-08-05','Wed','5','5','Wed-1','2020-08-05'),
('2020-08-06','Thu','6','6','Thu-1','2020-08-06'),
('2020-08-07','Fri','7','7','Fri-1','2020-08-07'),
('2020-08-08','Sat','8','1','Sat-2','2020-08-08'),
('2020-08-09','Sun','9','2','Sun-2','2020-08-09'),
('2020-08-10','Mon','10','3','Mon-2','2020-08-10'),
('2020-08-11','Tue','11','4','Tue-2','2020-08-11'),
('2020-08-12','Wed','12','5','Wed-2','2020-08-12'),
('2020-08-13','Thu','13','6','Thu-2','2020-08-13'),
('2020-08-14','Fri','14','7','Fri-2','2020-08-14'),
('2020-08-15','Sat','15','1','Sat-3','2020-08-15'),
('2020-08-16','Sun','16','2','Sun-3','2020-08-16'),
('2020-08-17','Mon','17','3','Mon-3','2020-08-17'),
('2020-08-18','Tue','18','4','Tue-3','2020-08-18'),
('2020-08-19','Wed','19','5','Wed-3','2020-08-19'),
('2020-08-20','Thu','20','6','Thu-3','2020-08-20'),
('2020-08-21','Fri','21','7','Fri-3','2020-08-21'),
('2020-08-22','Sat','22','1','Sat-4','2020-08-22'),
('2020-08-23','Sun','23','2','Sun-4','2020-08-23'),
('2020-08-24','Mon','24','3','Mon-4','2020-08-24'),
('2020-08-25','Tue','25','4','Tue-4','2020-08-25'),
('2020-08-26','Wed','26','5','Wed-4','2020-08-26'),
('2020-08-27','Thu','27','6','Thu-4','2020-08-27'),
('2020-08-28','Fri','28','7','Fri-4','2020-08-28'),
('2020-08-29','Sat','29','1','Sat-5','2020-08-29'),
('2020-08-30','Sun','30','2','Sun-5','2020-08-30'),
('2020-08-31','Mon','31','3','Mon-5','2020-08-31'),
('2020-09-01','Tue','1','1','Tue-1','2020-09-01'),
('2020-09-02','Wed','2','2','Wed-1','2020-09-02'),
('2020-09-03','Thu','3','3','Thu-1','2020-09-03'),
('2020-09-04','Fri','4','4','Fri-1','2020-09-04'),
('2020-09-05','Sat','5','5','Sat-1','2020-09-05'),
('2020-09-06','Sun','6','6','Sun-1','2020-09-06'),
('2020-09-07','Mon','7','7','Mon-1','2020-09-07'),
('2020-09-08','Tue','8','1','Tue-2','2020-09-08'),
('2020-09-09','Wed','9','2','Wed-2','2020-09-09'),
('2020-09-10','Thu','10','3','Thu-2','2020-09-10'),
('2020-09-11','Fri','11','4','Fri-2','2020-09-11'),
('2020-09-12','Sat','12','5','Sat-2','2020-09-12'),
('2020-09-13','Sun','13','6','Sun-2','2020-09-13'),
('2020-09-14','Mon','14','7','Mon-2','2020-09-14'),
('2020-09-15','Tue','15','1','Tue-3','2020-09-15'),
('2020-09-16','Wed','16','2','Wed-3','2020-09-16'),
('2020-09-17','Thu','17','3','Thu-3','2020-09-17'),
('2020-09-18','Fri','18','4','Fri-3','2020-09-18'),
('2020-09-19','Sat','19','5','Sat-3','2020-09-19'),
('2020-09-20','Sun','20','6','Sun-3','2020-09-20'),
('2020-09-21','Mon','21','7','Mon-3','2020-09-21'),
('2020-09-22','Tue','22','1','Tue-4','2020-09-22'),
('2020-09-23','Wed','23','2','Wed-4','2020-09-23'),
('2020-09-24','Thu','24','3','Thu-4','2020-09-24'),
('2020-09-25','Fri','25','4','Fri-4','2020-09-25'),
('2020-09-26','Sat','26','5','Sat-4','2020-09-26'),
('2020-09-27','Sun','27','6','Sun-4','2020-09-27'),
('2020-09-28','Mon','28','7','Mon-4','2020-09-28'),
('2020-09-29','Tue','29','1','Tue-5','2020-09-29'),
('2020-09-30','Wed','30','2','Wed-5','2020-09-30'),
('2020-10-01','Thu','1','1','Thu-1','2020-10-01'),
('2020-10-02','Fri','2','2','Fri-1','2020-10-02'),
('2020-10-03','Sat','3','3','Sat-1','2020-10-03'),
('2020-10-04','Sun','4','4','Sun-1','2020-10-04'),
('2020-10-05','Mon','5','5','Mon-1','2020-10-05'),
('2020-10-06','Tue','6','6','Tue-1','2020-10-06'),
('2020-10-07','Wed','7','7','Wed-1','2020-10-07'),
('2020-10-08','Thu','8','1','Thu-2','2020-10-08'),
('2020-10-09','Fri','9','2','Fri-2','2020-10-09'),
('2020-10-10','Sat','10','3','Sat-2','2020-10-10'),
('2020-10-11','Sun','11','4','Sun-2','2020-10-11'),
('2020-10-12','Mon','12','5','Mon-2','2020-10-12'),
('2020-10-13','Tue','13','6','Tue-2','2020-10-13'),
('2020-10-14','Wed','14','7','Wed-2','2020-10-14'),
('2020-10-15','Thu','15','1','Thu-3','2020-10-15'),
('2020-10-16','Fri','16','2','Fri-3','2020-10-16'),
('2020-10-17','Sat','17','3','Sat-3','2020-10-17'),
('2020-10-18','Sun','18','4','Sun-3','2020-10-18'),
('2020-10-19','Mon','19','5','Mon-3','2020-10-19'),
('2020-10-20','Tue','20','6','Tue-3','2020-10-20'),
('2020-10-21','Wed','21','7','Wed-3','2020-10-21'),
('2020-10-22','Thu','22','1','Thu-4','2020-10-22'),
('2020-10-23','Fri','23','2','Fri-4','2020-10-23'),
('2020-10-24','Sat','24','3','Sat-4','2020-10-24'),
('2020-10-25','Sun','25','4','Sun-4','2020-10-25'),
('2020-10-26','Mon','26','5','Mon-4','2020-10-26'),
('2020-10-27','Tue','27','6','Tue-4','2020-10-27'),
('2020-10-28','Wed','28','7','Wed-4','2020-10-28'),
('2020-10-29','Thu','29','1','Thu-5','2020-10-29'),
('2020-10-30','Fri','30','2','Fri-5','2020-10-30'),
('2020-10-31','Sat','31','3','Sat-5','2020-10-31'),
('2020-11-01','Sun','1','1','Sun-1','2020-11-01'),
('2020-11-02','Mon','2','2','Mon-1','2020-11-02'),
('2020-11-03','Tue','3','3','Tue-1','2020-11-03'),
('2020-11-04','Wed','4','4','Wed-1','2020-11-04'),
('2020-11-05','Thu','5','5','Thu-1','2020-11-05'),
('2020-11-06','Fri','6','6','Fri-1','2020-11-06'),
('2020-11-07','Sat','7','7','Sat-1','2020-11-07'),
('2020-11-08','Sun','8','1','Sun-2','2020-11-08'),
('2020-11-09','Mon','9','2','Mon-2','2020-11-09'),
('2020-11-10','Tue','10','3','Tue-2','2020-11-10'),
('2020-11-11','Wed','11','4','Wed-2','2020-11-11'),
('2020-11-12','Thu','12','5','Thu-2','2020-11-12'),
('2020-11-13','Fri','13','6','Fri-2','2020-11-13'),
('2020-11-14','Sat','14','7','Sat-2','2020-11-14'),
('2020-11-15','Sun','15','1','Sun-3','2020-11-15'),
('2020-11-16','Mon','16','2','Mon-3','2020-11-16'),
('2020-11-17','Tue','17','3','Tue-3','2020-11-17'),
('2020-11-18','Wed','18','4','Wed-3','2020-11-18'),
('2020-11-19','Thu','19','5','Thu-3','2020-11-19'),
('2020-11-20','Fri','20','6','Fri-3','2020-11-20'),
('2020-11-21','Sat','21','7','Sat-3','2020-11-21'),
('2020-11-22','Sun','22','1','Sun-4','2020-11-22'),
('2020-11-23','Mon','23','2','Mon-4','2020-11-23'),
('2020-11-24','Tue','24','3','Tue-4','2020-11-24'),
('2020-11-25','Wed','25','4','Wed-4','2020-11-25'),
('2020-11-26','Thu','26','5','Thu-4','2020-11-26'),
('2020-11-27','Fri','27','6','Fri-4','2020-11-27'),
('2020-11-28','Sat','28','7','Sat-4','2020-11-28'),
('2020-11-29','Sun','29','1','Sun-5','2020-11-29'),
('2020-11-30','Mon','30','2','Mon-5','2020-11-30'),
('2020-12-01','Tue','1','1','Tue-1','2020-12-01'),
('2020-12-02','Wed','2','2','Wed-1','2020-12-02'),
('2020-12-03','Thu','3','3','Thu-1','2020-12-03'),
('2020-12-04','Fri','4','4','Fri-1','2020-12-04'),
('2020-12-05','Sat','5','5','Sat-1','2020-12-05'),
('2020-12-06','Sun','6','6','Sun-1','2020-12-06'),
('2020-12-07','Mon','7','7','Mon-1','2020-12-07'),
('2020-12-08','Tue','8','1','Tue-2','2020-12-08'),
('2020-12-09','Wed','9','2','Wed-2','2020-12-09'),
('2020-12-10','Thu','10','3','Thu-2','2020-12-10'),
('2020-12-11','Fri','11','4','Fri-2','2020-12-11'),
('2020-12-12','Sat','12','5','Sat-2','2020-12-12'),
('2020-12-13','Sun','13','6','Sun-2','2020-12-13'),
('2020-12-14','Mon','14','7','Mon-2','2020-12-14'),
('2020-12-15','Tue','15','1','Tue-3','2020-12-15'),
('2020-12-16','Wed','16','2','Wed-3','2020-12-16'),
('2020-12-17','Thu','17','3','Thu-3','2020-12-17'),
('2020-12-18','Fri','18','4','Fri-3','2020-12-18'),
('2020-12-19','Sat','19','5','Sat-3','2020-12-19'),
('2020-12-20','Sun','20','6','Sun-3','2020-12-20'),
('2020-12-21','Mon','21','7','Mon-3','2020-12-21'),
('2020-12-22','Tue','22','1','Tue-4','2020-12-22'),
('2020-12-23','Wed','23','2','Wed-4','2020-12-23'),
('2020-12-24','Thu','24','3','Thu-4','2020-12-24'),
('2020-12-25','Fri','25','4','Fri-4','2020-12-25'),
('2020-12-26','Sat','26','5','Sat-4','2020-12-26'),
('2020-12-27','Sun','27','6','Sun-4','2020-12-27'),
('2020-12-28','Mon','28','7','Mon-4','2020-12-28'),
('2020-12-29','Tue','29','1','Tue-5','2020-12-29'),
('2020-12-30','Wed','30','2','Wed-5','2020-12-30'),
('2020-12-31','Thu','31','3','Thu-5','2020-12-31');

INSERT INTO `Events` (`title`,  `start_event`, `end_event`, `createdon`,`createdby`) 
select Abhishekam as title,concat(datestring,' ',start_time) as start_event,concat(datestring,' ',end_time) as start_event
,now() as createdon,'BulkLoad' as createdby
from STG_DayData dd #where date = 'date'
inner join STG_WeeklyAbhishekamData drd on dd.week_num = drd.week_num ;
#limit 10;

INSERT INTO `Events` (`title`,  `start_event`, `end_event`, `createdon`,`createdby`) 
select recite as title,concat(datestring,' ',start_time) as start_event,concat(datestring,' ',end_time) as start_event
,now() as createdon,'BulkLoad' as createdby
from STG_DayData dd #where date = 'date'
inner join STG_DailyReciteData drd on dd.weekday = drd.weekday ;
#limit 10;
#select * from Events
